{
  "n": 221,
  "positives": 6,
  "auroc": 1.0,
  "auprc": -1.0,
  "brier": 0.0036025686789324064,
  "ece_10q": 0.10955157571859567,
  "pos_rate": 0.027149321266968326,
  "eval": "holdout"
}